﻿<?xml version="1.0" encoding="utf-8" ?>
<TrustFrameworkPolicy 
  xmlns:xsi="http://www.w3.org/2001/XMLSchema-instance" 
  xmlns:xsd="http://www.w3.org/2001/XMLSchema" 
  xmlns="http://schemas.microsoft.com/online/cpim/schemas/2013/06" 
  PolicySchemaVersion="0.3.0.0" 
  TenantId="yourtenant.onmicrosoft.com" 
  PolicyId="B2C_1A_TrustFrameworkLocalization" 
  PublicPolicyUri="http://yourtenant.onmicrosoft.com/B2C_1A_TrustFrameworkLocalization">

  <BasePolicy>
    <TenantId>yourtenant.onmicrosoft.com</TenantId>
    <PolicyId>B2C_1A_TrustFrameworkBase</PolicyId>
  </BasePolicy>

  <BuildingBlocks>

    <ContentDefinitions>
      <ContentDefinition Id="api.signuporsignin">
        <LocalizedResourcesReferences MergeBehavior="Prepend">
          <LocalizedResourcesReference Language="en" LocalizedResourcesReferenceId="api.signuporsignin.en" />
          <!-- Add more languages here -->
        </LocalizedResourcesReferences>
      </ContentDefinition>

      <ContentDefinition Id="api.localaccountsignup">
        <LocalizedResourcesReferences MergeBehavior="Prepend">
          <LocalizedResourcesReference Language="en" LocalizedResourcesReferenceId="api.localaccountsignup.en" />
          <!-- Add more languages here -->
        </LocalizedResourcesReferences>
      </ContentDefinition>

      <ContentDefinition Id="api.selfasserted">
        <LocalizedResourcesReferences MergeBehavior="Prepend">
          <LocalizedResourcesReference Language="en" LocalizedResourcesReferenceId="api.selfasserted.en" />
          <!-- Add more languages here -->
        </LocalizedResourcesReferences>
      </ContentDefinition>

      <ContentDefinition Id="api.localaccountpasswordreset">
        <LocalizedResourcesReferences MergeBehavior="Prepend">
          <LocalizedResourcesReference Language="en" LocalizedResourcesReferenceId="api.localaccountpasswordreset.en" />
          <!-- Add more languages here -->
        </LocalizedResourcesReferences>
      </ContentDefinition>

      <ContentDefinition Id="api.idpselections">
        <LocalizedResourcesReferences MergeBehavior="Prepend">
          <LocalizedResourcesReference Language="en" LocalizedResourcesReferenceId="api.idpselections.en" />
          <!-- Add more languages here -->
        </LocalizedResourcesReferences>
      </ContentDefinition>

      <ContentDefinition Id="api.localaccountsignin">
        <LocalizedResourcesReferences MergeBehavior="Prepend">
          <LocalizedResourcesReference Language="en" LocalizedResourcesReferenceId="api.localaccountsignin.en" />
          <!-- Add more languages here -->
        </LocalizedResourcesReferences>
      </ContentDefinition>

      <ContentDefinition Id="api.selfasserted.profileupdate">
        <LocalizedResourcesReferences MergeBehavior="Prepend">
          <LocalizedResourcesReference Language="en" LocalizedResourcesReferenceId="api.selfasserted.profileupdate.en" />
          <!-- Add more languages here -->
        </LocalizedResourcesReferences>
      </ContentDefinition>
    </ContentDefinitions>

    <Localization Enabled="true">
      <SupportedLanguages DefaultLanguage="en" MergeBehavior="Append">
        <SupportedLanguage>en</SupportedLanguage>
      </SupportedLanguages>

      <LocalizedResources Id="api.signuporsignin.en">
        <LocalizedStrings>
          <LocalizedString ElementType="ClaimType" ElementId="signInName" StringId="DisplayName">Email Address</LocalizedString>
          <LocalizedString ElementType="UxElement" StringId="heading">Sign in</LocalizedString>
          <LocalizedString ElementType="UxElement" StringId="local_intro_generic">Sign in with your {0}</LocalizedString>
          <LocalizedString ElementType="ClaimType" ElementId="password" StringId="DisplayName">Password</LocalizedString>
          <LocalizedString ElementType="UxElement" StringId="requiredField_password">Please enter your password</LocalizedString>
          <LocalizedString ElementType="UxElement" StringId="requiredField_generic">Please enter your {0}</LocalizedString>
          <LocalizedString ElementType="UxElement" StringId="invalid_generic">Please enter a valid {0}</LocalizedString>
          <LocalizedString ElementType="UxElement" StringId="createaccount_one_link">Sign up now</LocalizedString>
          <LocalizedString ElementType="UxElement" StringId="createaccount_two_links">Sign up with {0} or {1}</LocalizedString>
          <LocalizedString ElementType="UxElement" StringId="createaccount_three_links">Sign up with {0}, {1}, or {2}</LocalizedString>
          <LocalizedString ElementType="UxElement" StringId="forgotpassword_link">Forgot your password?</LocalizedString>
          <LocalizedString ElementType="UxElement" StringId="button_signin">Sign in</LocalizedString>
          <LocalizedString ElementType="UxElement" StringId="createaccount_intro">Don't have an account?</LocalizedString>
          <LocalizedString ElementType="UxElement" StringId="unknown_error">We are having trouble signing you in. Please try again later.</LocalizedString>
          <!-- Uncomment the remember_me only if the keep me signed in is activated. 
          <LocalizedString ElementType="UxElement" StringId="remember_me">Keep me signed in</LocalizedString> -->
          <LocalizedString ElementType="ClaimsProvider" StringId="FacebookExchange">Facebook</LocalizedString>
          <LocalizedString ElementType="ErrorMessage" StringId="ResourceOwnerFlowInvalidCredentials">Your password is incorrect.</LocalizedString>
          <LocalizedString ElementType="ErrorMessage" StringId="UserMessageIfInvalidPassword">Your password is incorrect.</LocalizedString>
          <LocalizedString ElementType="ErrorMessage" StringId="UserMessageIfPasswordExpired">Your password has expired.</LocalizedString>
          <LocalizedString ElementType="ErrorMessage" StringId="UserMessageIfClaimsPrincipalDoesNotExist">We can't seem to find your account.</LocalizedString>
          <LocalizedString ElementType="ErrorMessage" StringId="UserMessageIfOldPasswordUsed">Looks like you used an old password.</LocalizedString>
          <LocalizedString ElementType="ErrorMessage" StringId="DefaultMessage">Invalid username or password.</LocalizedString>
          <LocalizedString ElementType="ErrorMessage" StringId="UserMessageIfUserAccountDisabled">Your account has been locked. Contact your support person to unlock it, then try again.</LocalizedString>
          <LocalizedString ElementType="ErrorMessage" StringId="UserMessageIfUserAccountLocked">Your account is temporarily locked to prevent unauthorized use. Try again later.</LocalizedString>
          <LocalizedString ElementType="ErrorMessage" StringId="AADRequestsThrottled">There are too many requests at this moment. Please wait for some time and try again.</LocalizedString>
        </LocalizedStrings>
      </LocalizedResources>

      <!--Local account sign-up page English-->
      <LocalizedResources Id="api.localaccountsignup.en">
        <LocalizedStrings>
          <LocalizedString ElementType="ClaimType" ElementId="email" StringId="DisplayName">Email Address</LocalizedString>
          <LocalizedString ElementType="ClaimType" ElementId="email" StringId="UserHelpText">Email address that can be used to contact you.</LocalizedString>
          <LocalizedString ElementType="ClaimType" ElementId="email" StringId="PatternHelpText">Please enter a valid email address.</LocalizedString>
          <LocalizedString ElementType="ClaimType" ElementId="newPassword" StringId="DisplayName">New Password</LocalizedString>
          <LocalizedString ElementType="ClaimType" ElementId="newPassword" StringId="UserHelpText">Enter new password</LocalizedString>
          <LocalizedString ElementType="ClaimType" ElementId="newPassword" StringId="PatternHelpText">8-16 characters, containing 3 out of 4 of the following: Lowercase characters, uppercase characters, digits (0-9), and one or more of the following symbols: @ # $ % ^ &amp; * - _ + = [ ] { } | \ : ' , ? / ` ~ " ( ) ; .</LocalizedString>
          <LocalizedString ElementType="ClaimType" ElementId="reenterPassword" StringId="DisplayName">Confirm New Password</LocalizedString>
          <LocalizedString ElementType="ClaimType" ElementId="reenterPassword" StringId="UserHelpText">Confirm new password</LocalizedString>
          <LocalizedString ElementType="ClaimType" ElementId="reenterPassword" StringId="PatternHelpText">8-16 characters, containing 3 out of 4 of the following: Lowercase characters, uppercase characters, digits (0-9), and one or more of the following symbols: @ # $ % ^ &amp; * - _ + = [ ] { } | \ : ' , ? / ` ~ " ( ) ; .</LocalizedString>
          <LocalizedString ElementType="ClaimType" ElementId="displayName" StringId="DisplayName">Display Name</LocalizedString>
          <LocalizedString ElementType="ClaimType" ElementId="displayName" StringId="UserHelpText">Your display name.</LocalizedString>
          <LocalizedString ElementType="ClaimType" ElementId="surname" StringId="DisplayName">Surname</LocalizedString>
          <LocalizedString ElementType="ClaimType" ElementId="surname" StringId="UserHelpText">Your surname (also known as family name or last name).</LocalizedString>
          <LocalizedString ElementType="ClaimType" ElementId="givenName" StringId="DisplayName">Given Name</LocalizedString>
          <LocalizedString ElementType="ClaimType" ElementId="givenName" StringId="UserHelpText">Your given name (also known as first name).</LocalizedString>
          <LocalizedString ElementType="UxElement" StringId="button_continue">Create</LocalizedString>
          <LocalizedString ElementType="UxElement" StringId="error_fieldIncorrect">One or more fields are filled out incorrectly. Please check your entries and try again.</LocalizedString>
          <LocalizedString ElementType="UxElement" StringId="error_passwordEntryMismatch">The password entry fields do not match. Please enter the same password in both fields and try again.</LocalizedString>
          <LocalizedString ElementType="UxElement" StringId="error_requiredFieldMissing">A required field is missing. Please fill out all required fields and try again.</LocalizedString>
          <LocalizedString ElementType="UxElement" StringId="helplink_text">What is this?</LocalizedString>
          <LocalizedString ElementType="UxElement" StringId="initial_intro">Please provide the following details.</LocalizedString>
          <LocalizedString ElementType="UxElement" StringId="preloader_alt">Please wait</LocalizedString>
          <LocalizedString ElementType="UxElement" StringId="required_field">This information is required.</LocalizedString>
          <LocalizedString ElementType="UxElement" StringId="button_cancel">Cancel</LocalizedString>
          <LocalizedString ElementType="UxElement" StringId="ver_but_edit">Change e-mail</LocalizedString>
          <LocalizedString ElementType="UxElement" StringId="ver_but_resend">Send new code</LocalizedString>
          <LocalizedString ElementType="UxElement" StringId="ver_but_send">Send verification code</LocalizedString>
          <LocalizedString ElementType="UxElement" StringId="ver_but_verify">Verify code</LocalizedString>
          <LocalizedString ElementType="UxElement" StringId="ver_fail_code_expired">That code is expired. Please request a new code.</LocalizedString>
          <LocalizedString ElementType="UxElement" StringId="ver_fail_no_retry">You've made too many incorrect attempts. Please try again later.</LocalizedString>
          <LocalizedString ElementType="UxElement" StringId="ver_fail_retry">That code is incorrect. Please try again.</LocalizedString>
          <LocalizedString ElementType="UxElement" StringId="ver_fail_server">We are having trouble verifying your email address. Please enter a valid email address and try again.</LocalizedString>
          <LocalizedString ElementType="UxElement" StringId="ver_fail_throttled">There have been too many requests to verify this email address. Please wait a while, then try again.</LocalizedString>
          <LocalizedString ElementType="UxElement" StringId="ver_info_msg">Verification code has been sent to your inbox. Please copy it to the input box below.</LocalizedString>
          <LocalizedString ElementType="UxElement" StringId="ver_input">Verification code</LocalizedString>
          <LocalizedString ElementType="UxElement" StringId="ver_intro_msg">Verification is necessary. Please click Send button.</LocalizedString>
          <LocalizedString ElementType="UxElement" StringId="ver_success_msg">E-mail address verified. You can now continue.</LocalizedString>
          <LocalizedString ElementType="ErrorMessage" StringId="ServiceThrottled">There are too many requests at this moment. Please wait for some time and try again.</LocalizedString>
          <LocalizedString ElementType="ErrorMessage" StringId="UserMessageIfClaimNotVerified">Claim not verified: {0}</LocalizedString>
          <LocalizedString ElementType="ErrorMessage" StringId="UserMessageIfClaimsPrincipalAlreadyExists">A user with the specified ID already exists. Please choose a different one.</LocalizedString>
          <LocalizedString ElementType="ErrorMessage" StringId="UserMessageIfIncorrectPattern">Incorrect pattern for: {0}</LocalizedString>
          <LocalizedString ElementType="ErrorMessage" StringId="UserMessageIfInvalidInput">{0} has invalid input.</LocalizedString>
          <LocalizedString ElementType="ErrorMessage" StringId="UserMessageIfMissingRequiredElement">Missing required element: {0}</LocalizedString>
          <LocalizedString ElementType="ErrorMessage" StringId="UserMessageIfValidationError">Error in validation by: {0}</LocalizedString>
        </LocalizedStrings>
      </LocalizedResources>

      <!-- Self-asserted page English-->
      <LocalizedResources Id="api.selfasserted.en">
        <LocalizedStrings>
          <LocalizedString ElementType="ErrorMessage" StringId="UserMessageIfClaimsPrincipalAlreadyExists">You are already registered, please press the back button and sign in instead.</LocalizedString>
        </LocalizedStrings>
      </LocalizedResources>

      <!-- Password reset page English-->
      <LocalizedResources Id="api.localaccountpasswordreset.en">
        <LocalizedStrings>
          <LocalizedString ElementType="ClaimType" ElementId="email" StringId="DisplayName">Email Address</LocalizedString>
          <LocalizedString ElementType="ClaimType" ElementId="email" StringId="UserHelpText">Email address that can be used to contact you.</LocalizedString>
          <LocalizedString ElementType="ClaimType" ElementId="email" StringId="PatternHelpText">Please enter a valid email address.</LocalizedString>
          <LocalizedString ElementType="ClaimType" ElementId="newPassword" StringId="DisplayName">New Password</LocalizedString>
          <LocalizedString ElementType="ClaimType" ElementId="newPassword" StringId="UserHelpText">Enter new password</LocalizedString>
          <LocalizedString ElementType="ClaimType" ElementId="newPassword" StringId="PatternHelpText">8-16 characters, containing 3 out of 4 of the following: Lowercase characters, uppercase characters, digits (0-9), and one or more of the following symbols: @ # $ % ^ &amp; * - _ + = [ ] { } | \ : ' , ? / ` ~ " ( ) ; .</LocalizedString>
          <LocalizedString ElementType="ClaimType" ElementId="reenterPassword" StringId="DisplayName">Confirm New Password</LocalizedString>
          <LocalizedString ElementType="ClaimType" ElementId="reenterPassword" StringId="UserHelpText">Confirm new password</LocalizedString>
          <LocalizedString ElementType="ClaimType" ElementId="reenterPassword" StringId="PatternHelpText">8-16 characters, containing 3 out of 4 of the following: Lowercase characters, uppercase characters, digits (0-9), and one or more of the following symbols: @ # $ % ^ &amp; * - _ + = [ ] { } | \ : ' , ? / ` ~ " ( ) ; .</LocalizedString>
          <LocalizedString ElementType="UxElement" StringId="error_passwordEntryMismatch">The password entry fields do not match. Please enter the same password in both fields and try again.</LocalizedString>
          <LocalizedString ElementType="UxElement" StringId="error_fieldIncorrect">One or more fields are filled out incorrectly. Please check your entries and try again.</LocalizedString>
          <LocalizedString ElementType="UxElement" StringId="button_continue">Continue</LocalizedString>
          <LocalizedString ElementType="UxElement" StringId="button_cancel">Cancel</LocalizedString>
          <LocalizedString ElementType="ErrorMessage" StringId="UserMessageIfClaimsPrincipalDoesNotExist">An account could not be found for the provided user ID.</LocalizedString>
          <LocalizedString ElementType="ErrorMessage" StringId="UserMessageIfClaimsTransformationBooleanValueIsNotEqual">Your account has been locked. Contact your support person to unlock it, then try again.</LocalizedString>
          <LocalizedString ElementType="UxElement" StringId="required_field">This information is required.</LocalizedString>
          <LocalizedString ElementType="UxElement" StringId="ver_but_edit">Change e-mail</LocalizedString>
          <LocalizedString ElementType="UxElement" StringId="ver_but_resend">Send new code</LocalizedString>
          <LocalizedString ElementType="UxElement" StringId="ver_but_send">Send verification code</LocalizedString>
          <LocalizedString ElementType="UxElement" StringId="ver_but_verify">Verify code</LocalizedString>
          <LocalizedString ElementType="UxElement" StringId="ver_fail_code_expired">That code is expired. Please request a new code.</LocalizedString>
          <LocalizedString ElementType="UxElement" StringId="ver_fail_no_retry">You've made too many incorrect attempts. Please try again later.</LocalizedString>
          <LocalizedString ElementType="UxElement" StringId="ver_fail_retry">That code is incorrect. Please try again.</LocalizedString>
          <LocalizedString ElementType="UxElement" StringId="ver_fail_server">We are having trouble verifying your email address. Please enter a valid email address and try again.</LocalizedString>
          <LocalizedString ElementType="UxElement" StringId="ver_fail_throttled">There have been too many requests to verify this email address. Please wait a while, then try again.</LocalizedString>
          <LocalizedString ElementType="UxElement" StringId="ver_info_msg">Verification code has been sent to your inbox. Please copy it to the input box below.</LocalizedString>
          <LocalizedString ElementType="UxElement" StringId="ver_input">Verification code</LocalizedString>
          <LocalizedString ElementType="UxElement" StringId="ver_intro_msg">Verification is necessary. Please click Send button.</LocalizedString>
          <LocalizedString ElementType="UxElement" StringId="ver_success_msg">E-mail address verified. You can now continue.</LocalizedString>
          <LocalizedString ElementType="ErrorMessage" StringId="ServiceThrottled">There are too many requests at this moment. Please wait for some time and try again.</LocalizedString>
          <LocalizedString ElementType="ErrorMessage" StringId="UserMessageIfClaimNotVerified">Claim not verified: {0}</LocalizedString>
          <LocalizedString ElementType="ErrorMessage" StringId="UserMessageIfClaimsPrincipalAlreadyExists">A user with the specified ID already exists. Please choose a different one.</LocalizedString>
          <LocalizedString ElementType="ErrorMessage" StringId="UserMessageIfIncorrectPattern">Incorrect pattern for: {0}</LocalizedString>
          <LocalizedString ElementType="ErrorMessage" StringId="UserMessageIfInvalidInput">{0} has invalid input.</LocalizedString>
          <LocalizedString ElementType="ErrorMessage" StringId="UserMessageIfMissingRequiredElement">Missing required element: {0}</LocalizedString>
          <LocalizedString ElementType="ErrorMessage" StringId="UserMessageIfValidationError">Error in validation by: {0}</LocalizedString>
        </LocalizedStrings>
      </LocalizedResources>

      <!-- Edit profile sign-in page English-->
      <LocalizedResources Id="api.idpselections.en">
        <LocalizedStrings>
          <LocalizedString ElementType="UxElement" StringId="intro">Sign in</LocalizedString>
          <LocalizedString ElementType="ClaimsProvider" StringId="LocalAccountSigninEmailExchange">Local Account Signin</LocalizedString>
          <LocalizedString ElementType="ClaimsProvider" StringId="FacebookExchange">Facebook</LocalizedString>
        </LocalizedStrings>
      </LocalizedResources>

      <!-- Edit profile sign-in with local account English-->
      <LocalizedResources Id="api.localaccountsignin.en">
        <LocalizedStrings>
          <LocalizedString ElementType="ClaimType" ElementId="signInName" StringId="DisplayName">Email Address</LocalizedString>
          <LocalizedString ElementType="ClaimType" ElementId="password" StringId="DisplayName">Password</LocalizedString>
          <LocalizedString ElementType="UxElement" StringId="button_continue">Continue</LocalizedString>
          <LocalizedString ElementType="UxElement" StringId="button_cancel">Cancel</LocalizedString>
          <LocalizedString ElementType="ErrorMessage" StringId="ResourceOwnerFlowInvalidCredentials">Your password is incorrect.</LocalizedString>
          <LocalizedString ElementType="ErrorMessage" StringId="UserMessageIfInvalidPassword">Your password is incorrect.</LocalizedString>
          <LocalizedString ElementType="ErrorMessage" StringId="UserMessageIfPasswordExpired">Your password has expired.</LocalizedString>
          <LocalizedString ElementType="ErrorMessage" StringId="UserMessageIfClaimsPrincipalDoesNotExist">We can't seem to find your account.</LocalizedString>
          <LocalizedString ElementType="ErrorMessage" StringId="UserMessageIfOldPasswordUsed">Looks like you used an old password.</LocalizedString>
          <LocalizedString ElementType="ErrorMessage" StringId="DefaultMessage">Invalid username or password.</LocalizedString>
          <LocalizedString ElementType="ErrorMessage" StringId="UserMessageIfUserAccountDisabled">Your account has been locked. Contact your support person to unlock it, then try again.</LocalizedString>
          <LocalizedString ElementType="ErrorMessage" StringId="UserMessageIfUserAccountLocked">Your account is temporarily locked to prevent unauthorized use. Try again later.</LocalizedString>
          <LocalizedString ElementType="ErrorMessage" StringId="AADRequestsThrottled">There are too many requests at this moment. Please wait for some time and try again.</LocalizedString>
        </LocalizedStrings>
      </LocalizedResources>

      <!-- Edit profile page English-->
      <LocalizedResources Id="api.selfasserted.profileupdate.en">
        <LocalizedStrings>
          <LocalizedString ElementType="ClaimType" ElementId="displayName" StringId="DisplayName">Display Name</LocalizedString>
          <LocalizedString ElementType="ClaimType" ElementId="displayName" StringId="UserHelpText">Your display name.</LocalizedString>
          <LocalizedString ElementType="ClaimType" ElementId="surname" StringId="DisplayName">Surname</LocalizedString>
          <LocalizedString ElementType="ClaimType" ElementId="surname" StringId="UserHelpText">Your surname (also known as family name or last name).</LocalizedString>
          <LocalizedString ElementType="ClaimType" ElementId="givenName" StringId="DisplayName">Given Name</LocalizedString>
          <LocalizedString ElementType="ClaimType" ElementId="givenName" StringId="UserHelpText">Your given name (also known as first name).</LocalizedString>
          <LocalizedString ElementType="UxElement" StringId="button_continue">Continue</LocalizedString>
          <LocalizedString ElementType="UxElement" StringId="button_cancel">Cancel</LocalizedString>
        </LocalizedStrings>
      </LocalizedResources>
      <!-- Add more languages here -->
    </Localization>
  </BuildingBlocks>

</TrustFrameworkPolicy>